model,precision,recall,f1,roc_auc
Isolation Forest,0.45621181262729127,0.7658119658119659,0.5717932354818124,0.9471151941740177
Random Forest,0.9965753424657534,0.9948717948717949,0.9957228400342173,0.9999937027388008
LSTM-Autoencoder,0.6046128500823723,0.08828482078421938,0.15407220822837953,0.5071585180570353
