epoch,loss
1,125648.51513053797
2,125185.49238528482
3,124562.29647943038
4,124205.31398338608
5,123813.26453718354
