epoch,train_loss,validation_precision,validation_recall,validation_f1,validation_roc_auc,validation_pr_auc,validation_threshold,validation_threshold_percentile,improved
1,1.8769130479721796,0.8113924050632911,0.3304123711340206,0.4695970695970696,0.7056547007844909,0.7320768217028721,1.6987484693527222,80,1
2,1.023384101807125,0.8468354430379746,0.34484536082474226,0.4901098901098901,0.7123495707890091,0.7483225177887796,1.2732021808624268,80,1
3,0.9606284082881988,0.8468354430379746,0.34484536082474226,0.4901098901098901,0.7142597137224299,0.7502449688932162,1.263816237449646,80,1
4,0.9526253115563166,0.8455696202531645,0.3443298969072165,0.48937728937728936,0.7139376771265454,0.7503151871868738,1.2558258771896362,80,0
5,0.9472523634395902,0.8468354430379746,0.34484536082474226,0.4901098901098901,0.7133305694746787,0.7498914056902947,1.255607008934021,80,0
