percentile,threshold,precision,recall,f1,roc_auc
85.0,0.5106677412986755,0.8566775244299675,0.4503424657534247,0.590347923681257,0.8249894445486958
90.0,0.685444712638855,0.921760391198044,0.3227739726027397,0.47812301838934684,0.8249894445486958
92.0,0.8274779319763184,0.981651376146789,0.2748287671232877,0.4294314381270903,0.8249894445486958
95.0,1.2584426403045654,1.0,0.175513698630137,0.2986161689730517,0.8249894445486958
