percentile,threshold,precision,recall,f1,roc_auc
85.0,0.8010410070419312,0.7654723127035831,0.4023972602739726,0.5274971941638609,0.7588378448114093
90.0,0.953965425491333,0.8581907090464548,0.300513698630137,0.44514901712111604,0.7588378448114093
92.0,1.0616075992584229,0.9235474006116208,0.2585616438356164,0.4040133779264214,0.7588378448114093
95.0,1.3862444162368774,0.9902439024390244,0.1738013698630137,0.29570284049526585,0.7588378448114093
