{
  "lstm_autoencoder": {
    "precision": 0.7658423493044823,
    "recall": 0.3957667731629393,
    "f1": 0.5218536071616641,
    "f1_score": 0.5218536071616641,
    "roc_auc": 0.7589509597942524,
    "confusion_matrix": [
      [
        5953,
        303
      ],
      [
        1513,
        991
      ]
    ],
    "threshold": 0.8010410070419312,
    "threshold_percentile": 85,
    "epochs": 10,
    "hidden_size": 32,
    "batch_size": 128,
    "learning_rate": 0.001,
    "device": "cpu",
    "validation_metrics": {
      "precision": 0.7654723127035831,
      "recall": 0.4023972602739726,
      "f1": 0.5274971941638609,
      "f1_score": 0.5274971941638609,
      "roc_auc": 0.7588378448114093,
      "confusion_matrix": [
        [
          2776,
          144
        ],
        [
          698,
          470
        ]
      ]
    },
    "best_epoch": 9,
    "selection_metric": "f1"
  }
}