{
  "lstm_autoencoder": {
    "precision": 0.7623839009287926,
    "recall": 0.393370607028754,
    "f1": 0.5189673340358272,
    "f1_score": 0.5189673340358272,
    "roc_auc": 0.7630897022564408,
    "confusion_matrix": [
      [
        5949,
        307
      ],
      [
        1519,
        985
      ]
    ],
    "threshold": 0.7972569465637207,
    "threshold_percentile": 85,
    "epochs": 30,
    "hidden_size": 32,
    "batch_size": 128,
    "learning_rate": 0.0005,
    "device": "cpu",
    "validation_metrics": {
      "precision": 0.7687296416938111,
      "recall": 0.4041095890410959,
      "f1": 0.5297418630751964,
      "f1_score": 0.5297418630751964,
      "roc_auc": 0.7644109764965284,
      "confusion_matrix": [
        [
          2778,
          142
        ],
        [
          696,
          472
        ]
      ]
    },
    "best_epoch": 15,
    "selection_metric": "f1"
  }
}