{
  "lstm_autoencoder": {
    "precision": 0.7702001482579689,
    "recall": 0.35951557093425607,
    "f1": 0.49020995517810806,
    "f1_score": 0.49020995517810806,
    "roc_auc": 0.7331699908879215,
    "confusion_matrix": [
      [
        5500,
        310
      ],
      [
        1851,
        1039
      ]
    ],
    "threshold": 1.1355020999908447,
    "threshold_percentile": 85,
    "epochs": 10,
    "hidden_size": 16,
    "batch_size": 128,
    "learning_rate": 0.001,
    "device": "cpu",
    "validation_metrics": {
      "precision": 0.7684729064039408,
      "recall": 0.3469236471460341,
      "f1": 0.4780388151174668,
      "f1_score": 0.4780388151174668,
      "roc_auc": 0.724204084121495,
      "confusion_matrix": [
        [
          2570,
          141
        ],
        [
          881,
          468
        ]
      ]
    },
    "best_epoch": 10,
    "selection_metric": "f1"
  }
}