{
  "lstm_autoencoder": {
    "precision": 0.9220183486238532,
    "recall": 0.29011306230454653,
    "f1": 0.44135407136322047,
    "f1_score": 0.44135407136322047,
    "roc_auc": 0.717746305521303,
    "confusion_matrix": [
      [
        4201,
        102
      ],
      [
        2951,
        1206
      ]
    ],
    "threshold": 1.2879856824874878,
    "threshold_percentile": 85,
    "epochs": 10,
    "hidden_size": 16,
    "batch_size": 128,
    "learning_rate": 0.001,
    "device": "cpu",
    "validation_metrics": {
      "precision": 0.9173693086003373,
      "recall": 0.2804123711340206,
      "f1": 0.42953020134228187,
      "f1_score": 0.42953020134228187,
      "roc_auc": 0.7181031030517107,
      "confusion_matrix": [
        [
          1959,
          49
        ],
        [
          1396,
          544
        ]
      ]
    },
    "best_epoch": 8,
    "selection_metric": "f1"
  }
}