{
  "lstm_autoencoder": {
    "precision": 0.8401380103507763,
    "recall": 0.35145537647341835,
    "f1": 0.4955902306648575,
    "f1_score": 0.4955902306648575,
    "roc_auc": 0.7130160377840009,
    "confusion_matrix": [
      [
        4025,
        278
      ],
      [
        2696,
        1461
      ]
    ],
    "threshold": 1.263816237449646,
    "threshold_percentile": 80,
    "epochs": 5,
    "hidden_size": 16,
    "batch_size": 128,
    "learning_rate": 0.001,
    "device": "cpu",
    "validation_metrics": {
      "precision": 0.8468354430379746,
      "recall": 0.34484536082474226,
      "f1": 0.4901098901098901,
      "f1_score": 0.4901098901098901,
      "roc_auc": 0.7142597137224299,
      "confusion_matrix": [
        [
          1887,
          121
        ],
        [
          1271,
          669
        ]
      ]
    },
    "best_epoch": 3,
    "selection_metric": "f1"
  }
}