{
  "isolation_forest": {
    "precision": 0.45621181262729127,
    "recall": 0.7658119658119659,
    "f1": 0.5717932354818124,
    "f1_score": 0.5717932354818124,
    "roc_auc": 0.9471151941740177,
    "pr_auc": 0.6168623930591476,
    "confusion_matrix": [
      [
        7881,
        534
      ],
      [
        137,
        448
      ]
    ],
    "contamination": 0.065,
    "threshold": 0.5602824793805358
  },
  "random_forest": {
    "precision": 0.9965753424657534,
    "recall": 0.9948717948717949,
    "f1": 0.9957228400342173,
    "f1_score": 0.9957228400342173,
    "roc_auc": 0.9999937027388008,
    "pr_auc": 0.9999087813967236,
    "confusion_matrix": [
      [
        8413,
        2
      ],
      [
        3,
        582
      ]
    ],
    "n_estimators": 200,
    "max_depth": 10
  }
}