model,precision,recall,f1,roc_auc,pr_auc
Isolation Forest,0.45621181262729127,0.7658119658119659,0.5717932354818124,0.9471151941740177,0.6168623930591476
Random Forest,0.9965753424657534,0.9948717948717949,0.9957228400342173,0.9999937027388008,0.9999087813967236
LSTM-Autoencoder,0.8401380103507763,0.35145537647341835,0.4955902306648575,0.7130160377840009,0.7498623482974325
